{
  "version": 1,
  "items": [
    {
      "id": "main.view",
      "type": "function",
      "name": "view()",
      "definedIn": "src/main.js",
      "autoSummary": "Renderiza toda la UI en #app según state.tab. Re-vincula event listeners.",
      "userSummary": "",
      "tags": [
        "ui",
        "render",
        "tabs"
      ]
    },
    {
      "id": "main.persist",
      "type": "function",
      "name": "persist()",
      "definedIn": "src/main.js",
      "autoSummary": "Guarda state.routines/shopping/reminders en localStorage (JSON).",
      "userSummary": "",
      "tags": [
        "storage",
        "localStorage"
      ]
    },
    {
      "id": "main.load_save",
      "type": "concept",
      "name": "load()/save() + LS keys",
      "definedIn": "src/main.js",
      "autoSummary": "Patrón de persistencia: LS.{routines,shopping,reminders} -> JSON.parse/stringify.",
      "userSummary": "",
      "tags": [
        "storage",
        "pattern"
      ]
    },
    {
      "id": "main.enableNotifications",
      "type": "function",
      "name": "enableNotifications()",
      "definedIn": "src/main.js",
      "autoSummary": "Solicita permiso, registra service worker y obtiene token FCM para notificaciones.",
      "userSummary": "",
      "tags": [
        "notifications",
        "firebase",
        "serviceWorker"
      ]
    }
  ]
}